{
    "core": {
        "version": "1.0.1.34695"
    },
    "opt": {
        "props": {
            "capabilities": [
                "ble",
                "bsp_gen4",
                "bt",
                "cat1",
                "cat1b",
                "cyw20829",
                "cyw920829m2evk_02",
                "flash_0k",
                "hal",
                "i2s",
                "led",
                "low_power",
                "mcu_gp",
                "memory",
                "memory_qspi",
                "mesh",
                "mxsv2",
                "nor_flash",
                "pdm",
                "qspi",
                "rtc",
                "sdhc",
                "smart_io",
                "sram_64k",
                "std_crypto",
                "switch"
            ],
            "dependencies": {
                "core-lib": "latest-v1.X",
                "core-make": "latest-v3.X",
                "mtb-hal-cat1": "latest-v2.X",
                "mtb-pdl-cat1": "latest-v3.X",
                "recipe-make-cat1b": "latest-v2.X"
            },
            "docs_dir": "docs",
            "flow_version": "2.0",
            "min_tools": "3.0.0",
            "template": {
                "id": "mtb-template-cat1",
                "version": "release-v1.2.2"
            }
        }
    }
}